{
    "3.1": {
        "(1)": "### 3.1\n\n定义数列的母函数 \\( G(x) \\) 为：\n\n$$\nG(x) = 1^3x + 2^3x^{2} + 3^3x^{3} + \\cdots + n^3x^n + \\cdots = \\sum_{n=0}^{\\infty} n^{3} x^{n}\n$$\n\n根据泰勒展开，有：\n\n$$\n\\frac{1}{1 - x} = 1 + x + x^2 + \\cdots + x^n + \\cdots\n$$\n\n对两边求导得：\n\n$$\n\\frac{1}{(1 - x)^2} = 1 + 2x + 3x^2 + \\cdots + nx^{n-1} + \\cdots\n$$\n\n左右同乘 \\( x \\) 并再次求导：\n\n$$\n\\frac{1 + x}{(1 - x)^3} = 1 + 2^2x + 3^2x^2 + \\cdots + n^2x^{n-1} + \\cdots\n$$\n\n再左右同乘 \\( x \\) 并求导：\n\n$$\n\\frac{x^2 + 4x + 1}{(1 - x)^4} = 1 + 2^3x + 3^3x^2 + \\cdots + n^3x^{n-1} + \\cdots\n$$\n\n因此，\n\n$$\nG(x) = \\frac{x^3 + 4x^2 + x}{(1 - x)^4} = x + 2^3x^2 + 3^3x^3 + \\cdots + n^3x^n + \\cdots\n$$"
    },
    "3.2": {
        "(1)": "### 3.2\n\n定义数列的母函数 \\( G(x) \\) 为：\n\n$$\nG(x) = \\sum_{n=1}^{\\infty} \\binom{n+3}{3} x^n = \\sum_{n=1}^{\\infty} \\frac{(n+3)(n+2)(n+1)}{6} x^n\n$$\n\n由于 \\((n+3)(n+2)(n+1)\\) 是 \\( x^{n+3} \\) 的三阶导系数，因此可求 \\( G(x) \\) 的三阶原函数：\n\n$$\n\\iiint G(x) \\, dx = \\sum_{n=0}^{\\infty} \\frac{1}{6}x^{n+3} = \\frac{1}{6}(x^3 + x^4 + \\cdots + x^n + \\cdots)\n$$\n\n根据泰勒展开，有：\n\n$$\n\\frac{1}{1 - x} = 1 + x + x^2 + \\cdots + x^n + \\cdots\n$$\n\n因此：\n\n$$\n\\frac{\\iiint G(x) \\, dx}{x^3} = \\frac{1}{6(1 - x)}\n$$\n\n再求三阶导得：\n\n$$\nG(x) = \\frac{1}{(1 - x)^4}\n$$"
    },
    "3.3": {
        "(1)": "### 3.3\n\n定义数列的母函数 \\( G(x) \\) 为：\n\n$$\nG(x) = 1^3 + \\left( 1^3 + 2^3 \\right)x + \\left( 1^3 + 2^3 + 3^3 \\right)x^2 + \\cdots\n$$\n\n$$\nxG(x) = 1^3x + \\left( 1^3 + 2^3 \\right)x^2 + \\left( 1^3 + 2^3 + 3^3 \\right)x^3 + \\cdots\n$$\n\n相减得：\n\n$$\n(1 - x) G(x) = 1^3 + 2^3 x + 3^3 x^2 + \\cdots\n$$\n\n乘以 \\( x \\) 得：\n\n$$\nx(1 - x) G(x) = 1^3 x + 2^3 x^2 + 3^3 x^3 + \\cdots = \\frac{x^3 + 4x^2 + x}{(1 - x)^4}\n$$\n\n所以：\n\n$$\nG(x) = \\frac{x^2 + 4x + 1}{(1 - x)^5}\n$$"
    },
    "3.4": {
        "(1)": "### 3.4\n\n数列的母函数 \\( B(x) \\) 为：\n\n$$\nB(x) = a_0 + (a_1 - a_0)x + (a_2 - a_1)x^2 + \\cdots + (a_n - a_{n-1})x^n + \\cdots\n$$\n\n而：\n\n$$\nA(x) = a_0 + a_1x + a_2x^2 + \\cdots + a_nx^n + \\cdots\n$$\n\n所以：\n\n$$\nB(x) + xA(x) = A(x)\n$$\n\n因此：\n\n$$\nB(x) = (1 - x)A(x) = \\frac{4 - 3x}{1 + x - x^3}\n$$"
    }
}