{
  "6.1": {
    "(1)": "（1）集合N中总共有n个不同的元素，同时存在特殊的子集M包含m个元素，$s.t. M \\subset N$。现在希望在集合N中任意取k个元素，同时这k个元素需要覆盖子集M。易知，$LHS = C_{n-m}^{k-m} = C_{n-m}^{n-k}$。 同时，从容斥原理的角度考虑，从集合N中直接选择k个元素的方法有$C_{n}^k$。对集合M中的任意元素x，定义$A_x$为不包含x的k元素子集的集合，那么任选的k元素子集，至少缺少一个M中的元素的子集个数为$|\\bigcup_{x\\in M} A_x| =\\Sigma_{j=1}^m(-1)^{j+1}C_{m}^jC_{n-j}^k$，那么可以得知，$RHS = C_n^k - \\Sigma_{j=1}^m(-1)^{j+1}C_{m}^jC_{n-j}^k = \\Sigma_{j=0}^m(-1)^jC_m^jC_{n-j}^k$。 所以有$C_{n-m}^{n-k} = \\Sigma_{j=0}^m(-1)^jC_m^jC_{n-j}^k$",
    "(2)": "(2) 构造一个n个相同的球分配到m个不同的盒子中，同时每个盒子只有一个球的情景。 显然，通过插板法可以得知$LHS = C_{n-1}^{n}$。 同时，不考虑盒子为空的情况，直接将n个相同的球分配给m个不同的盒子，那么总共有$C_{n+m-1}^{m-1}$种方法。当然需要排除存在盒子为空的情况。定义$A_i$为第i个盒子为空的所有方案，那么我们有$|\\bigcup_{i=1}^m A_i| = \\Sigma_{i=1}^m (-1)^{i+1}C_{m}^i C_{n-i+m-1}^{n}$。那么可以算出，这m个盒子都至少有一个球的方案数为$RHS = C_{n+m-1}^{m-1} - \\Sigma_{j=1}^m (-1)^{j+1}C_{m}^jC_{n-j+m-1}^{n} = \\Sigma_{j=0}^m (-1)^j C_m^j C_{n+m-j-1}^n$。 所以有$\\Sigma_{j=0}^m (-1)^j C_m^j C_{n+m-j-1}^n = C_{n-1}^{m-1}$",
    "(3)": "（3）构造m个相同的球分配到n个可区分的盒子里的情景，盒子可以为空。显然，直接进行选取的话，通过插板法可知$LHS =C_{n+m-1}^m = C_{n+m-1}^{n-1}$。 考虑添加一个“坏盒”，这个盒子可以进行放置，但是放置进去的球是没法用的，坏盒底部会漏光光。 将m个球分配给这n+1个盒子，总共有$C_{n+m}^{m}$种方案。 考虑存在j个球放到“坏盒”的可能性，那么剩下的m-j个球分配到n个盒子里，总共会有$C_m^j C_{n+m-j-1}^{n-1} = C_{m}^{m-j}C_{n+m-j-1}^{n-1} = C_{n+m}^{n+j} $种方式，通过容斥原理可以知道$RHS = C_{n+m}^{m} - \\Sigma_{j=1}^m(-1)^{j+1}C_{n+m}^{n+j} = \\Sigma_{j=0}^m(-1)^jC_{n+m}^{n+j}$。 所以有$C_{n+m-1}^{n-1} = \\Sigma_{j=0}^m (-1)^j C_{n+m}^{n+j}$"
  },
  "6.2": {
    "(1)": "不考虑任何排除的必要，直接对$\\{3·a,3·b,3·c\\}$进行多重排列，那么总共有$\\frac{9!}{3!3!3!} = 1680$ （1）如果任何连续3个元素不能全相同。 出现连续3个a的排列有$|A| = \\frac{7!}{3!3!} = 140$，出现连续3个b的排列有$|B| = \\frac{7!}{3!3!} = 140$，出现连续3个c的排列有$|C| = \\frac{7!}{3!3!} = 140$。 同时，$|A \\cup B| = \\frac{5!}{3!} = 20$，$|B \\cup C| = \\frac{5!}{3!} = 20$，$|A \\cup C| = \\frac{5!}{3!} = 20$。$|A \\cup B \\cup C| = 3! = 6$，所以满足要求的排列数目总共有$1680 - |A \\cup B \\cup C| =1680 - (140*3 - 20*3 + 6) = 1314$。",
    "(2)": "（2）如果任何2个元素不能完全相同。 出现连续2个a的排列有$|A| = \\frac{8!}{3!3!}- \\frac{7!}{3!3!} = 840$，出现连续2个b的排列有$|B| = \\frac{8!}{3!3!}- \\frac{7!}{3!3!} = 840$，出现连续2个c的排列有$|C| = \\frac{8!}{3!3!}- \\frac{7!}{3!3!} = 840$，出现连续2个a和连续2个b的排列有$|A \\cup B| = \\frac{7!}{3!} - \\frac{7!}{3!3!} - \\frac{7!}{3!3!} + \\frac{5!}{3!} = 580$，出现连续2个b和连续2个c的排列有$|B \\cup C| = \\frac{7!}{3!} - \\frac{7!}{3!3!} - \\frac{7!}{3!3!} + \\frac{5!}{3!} = 580$，出现连续2个a和连续2个c的排列有$|A \\cup C| = \\frac{7!}{3!} - \\frac{7!}{3!3!} - \\frac{7!}{3!3!} + \\frac{5!}{3!} = 580$，同时存在连续2个a连续2个b和连续2个c的排列有$|A \\cup B \\cup C| = 6! - 140*3+20*3-6 = 354$，所以满足要求的排列数目总共有$1680 - 840*3 + 580*3 -354 = 546$。"
  },
  "6.3": {
    "(1)": "设$a_1 = x_1-6, a_2 = x_2 - 5, a_3 = x_3 - 10$，那么方程可以更新为$a_1 + 6+a_2 + 5+a_3 + 10 = 40$，即$a_1+a_2+a_3 = 19$，其中$0\\leq a_1\\leq 9, 0\\leq a_2 \\leq 15, 0 \\leq a_3 \\leq 15$。 那么可以计算得到整数解的数量为$135$"
  }
}