{
  "6.1": {
    "(1)": "## (1) 总共有n个元素，其中m个限制元素不能选，然后考虑选出k个元素的方案数：$C_{n-m}^k$ 用容斥原理进行拆解，考虑选择到了j个限制元素的情况，其他k-j个选非限制元素，那么： $$ C_{n-m}^k = \\sum_{j=0}^m (-1)^j C_m^j C_{n-j}^{k-j} $$ 然后令$k=n-k$ $$ C_{n-m}^{n-k} = \\sum_{j=0}^m (-1)^j C_m^j C_{n-j}^{n-k-j}=\\sum_{j=0}^m (-1)^j C_m^j C_{n-j}^{k} $$",
    "(2)": "## (2) 考虑这个方程的整数解数： $$ x_1+\\dots+x_m = n, \\qquad x_i \\ge 1 $$ 考虑插板法，整数解数为$C_{n-1}^{m-1}$ ``` o o o o o o | | | n个o之间插入m-1个| ``` 考虑用这个方程的整数解数去计算上式： $$ x_1+\\dots+x_m = n, \\qquad x_i \\ge 0 $$ 它的解数是$C_{n+m-1}^{m-1}$，但是这里面有很多情况是$x_i=0$的情况 我们要排除存在变量为0的情况，考虑将j个变量强制设为0的方案数，相当于只要考虑m-j个变量的方案数了：$C_m^jC_{n+m-j-1}^{m-j-1}$ 用容斥原理有： $$ C_{n-1}^{m-1}= \\sum_{j=0}^m (-1)^j C_m^jC_{n+m-j-1}^{m-j-1}= \\sum_{j=0}^m (-1)^j C_m^jC_{n+m-j-1}^{n} $$",
    "(3)": "## (3) 对于： $$ C_{n + m - 1}^{n - 1} = \\sum_{j=0}^m (-1)^j C_{n + m}^{n + j} $$ 考虑n+m-1个球，从中选m个的方案数是$C_{n+m-1}^m = C_{n + m - 1}^{n - 1}$ 从另外一种角度考虑，增加一个0号球，那么选m个的方案数是$C_{n+m}^m$，但这可能会选到0号球。于是减去“选0号球，然后所有球里面选m-1个”的方案数$C_{n+m}^{m-1}$，但这可能会再次选到0号球，因此加上选了两次0号球的方案数$C_{n+m}^{m-2}$... 因此总方案数是$\\sum_{j=0}^m (-1)^j C_{n + m}^{m-j}$ 故 $$ C_{n + m - 1}^{n - 1} = C_{n+m-1}^m= \\sum_{j=0}^m (-1)^j C_{n + m}^{m-j}=\\sum_{j=0}^m (-1)^j C_{n + m}^{n + j} $$"
  },
  "6.2": {
    "(1)": "## (1) 首先不考虑限制的情况：${9! \\over 3!3!3!}$ 设$A_3$表示存在连续3个a的方案集合，$B_3$表示存在连续3个b的方案集合，$C_3$表示存在连续3个c的方案集合 对$|A_3|, |B_3|, |C_3|$： 将aaa看成一个字母，故$|A_3|= {7! \\over 1!3!3!}= 140 $ 对$|A_3\\bigcap B_3|, |A_3\\bigcap C_3|, |C_3\\bigcap B_3|$ ： 将aaa bbb分别看成一个字母，故$|A_3\\bigcap B_3| = {5! \\over 1!1!3!}=20$ 对$|A_3\\bigcap B_3\\bigcap C_3|$ ： 将aaa bbb ccc分别看成一个字母，故$|A_3\\bigcap B_3\\bigcap C_3| = {3! \\over 1!1!1!}=6$ 总方案数为 $$ {9! \\over 3!3!3!} - 3*140+20*3-6= 1680 - 420 + 60 - 6 = 1314 $$",
    "(2)": "## (2) 首先不考虑限制的情况：${9! \\over 3!3!3!}$ 再设$A_2$表示存在连续2个a的方案集合，$B_2$表示存在连续2个b的方案集合，$C_2$表示存在连续2个c的方案集合 对$|A_2|, |B_2|, |C_2|$： 将aa看成一个字母，且认为aa和a是不同的字母，直接计算的话是${8! \\over 3!3!} $。但是这样会把aa和a相邻的情况算重，还要减去$|A_3|$ 故$|A_2|={8! \\over 3!3!} -|A_3| = {8! \\over 3!3!} -{7! \\over 3!3!}$ 对$|A_2\\bigcap B_2|, |A_2\\bigcap C_2|, |C_2\\bigcap B_2|$ ： 将aa bb分别看成一个字母，且认为aa和a是不同的字母，直接计算的话是${7! \\over 3!} $。但是这样会把aa和a相邻或者bb和b相邻的情况算重，还要运用容斥原理$-|A_3|-|B_3|+|A_3\\bigcap B_3|$ 故$|A_2\\bigcap B_2|={7! \\over 3!} -|A_3|-|B_3|+|A_3\\bigcap B_3| = {7! \\over 3!} -{7! \\over 3!3!}-{7! \\over 3!3!}+ {5! \\over 1!1!3!}$ 对$|A_2\\bigcap B_2\\bigcap C_2|$ ： 将aa bb cc分别看成一个字母，且认为aa和a是不同的字母，故$|A_2\\bigcap B_2\\bigcap C_2|=6!- A_3-B_3-C_3+|A_3\\bigcap B_3|+|A_3\\bigcap C_3|+|C_3\\bigcap B_3|-|A_3\\bigcap B_3\\bigcap C_3| = 6!-{7! \\over 1!3!3!}*3+ {5! \\over 1!1!3!}*3 + 6 = 6!-366$ 总方案数为 $$ {9! \\over 3!3!3!} - 3*({8! \\over 3!3!} -{7! \\over 3!3!})+3*({7! \\over 3!} -{7! \\over 3!3!}-{7! \\over 3!3!}+ {5! \\over 1!1!3!}) + (6!-366) \\\\ =1680-3*(980)+3*(840-280+20)+354 \\\\ =834 $$"
  },
  "6.3": {
    "(1)": "$$ x_1 + x_2 + x_3 = 40, 6 \\leq x_1 \\leq 15, \\; 5 \\leq x_2 \\leq 20, \\; 10 \\leq x_3 \\leq 25 $$ 令 $$ y_1 = x_1 - 6 \\\\ y_2 = x_2 - 5 \\\\ y_3 = x_3 - 10 $$ 约束条件: $$ y_1 + y_2 + y_3 = 19 \\quad (0 \\leq y_1 \\leq 9, \\, 0 \\leq y_2 \\leq 15, \\, 0 \\leq y_3 \\leq 15) $$ 不考虑限制的方案数:$C^{2}_{19 + 3 - 1}$ 假设约束1不满足，即$y_1\\ge 10$: $$ y_1' = y_1 - 10, \\quad y_1' + y_2 + y_3 = 9 \\quad (0 \\leq y_1') $$ 方案数为$C^{2}_{9 + 3 - 1}$ 假设约束2不满足，即$y_2 \\geq 16 $，同理$\\quad C^{2}_{3 + 3 - 1}$： 假设约束3不满足，即$y_3 \\geq 16 $，同理$C^{2}_{3 + 3 - 1}$： 同时不满足以上两条约束的方案数为0。 故总方案数： $$ C^{2}_{21} - C^{2}_{9+3-1} - C^{2}_{3+3-1} - C^{2}_{3+3-1} = 210 - 55 - 10 - 10 = 135 $$"
  }
}