{
  "6.1": {
    "(1)": "\\subsubsection{(a)} \\textbf{Proof}: \\par 我们定义全集${U}$表示从$1,2,\\dots,n$中选出$k$个数字的种数，再定义$A_i(i=1,2,\\dots, m)$表示$\\mathbb{U}$中必须包含$i$的种数，显然我们有: \\begin{equation} |A_1 \\cap A_2 \\cap \\dots \\cap A_m| = \\binom{n-m}{k-m} = \\binom{n-m}{n-k} \\end{equation} \\par 由容斥原理可得： \\begin{equation} |A_1 \\cap A_2 \\cap \\dots \\cap A_m| = |U| - \\sum_i|\\complement_UA_i|+\\sum_{i<j}|\\complement_UA_i \\cap \\complement_UA_j| - \\dots \\end{equation} 我们很容易得知： \\begin{equation} \\sum_{i_1 < i_2 < \\dots < i_j}|\\complement_UA_{i_1} \\cap \\complement_UA_{i_2} \\cap \\dots \\cap \\complement_UA_{i_j}| = \\binom{m}{j}\\binom{n-j}{k} \\end{equation} 从而我们可以得到： \\begin{equation} |A_1 \\cap A_2 \\cap \\dots \\cap A_m| = \\sum_{j=0}^m(-1)^j\\binom{m}{j}\\binom{n-j}{k} \\end{equation} 综合(1)(4)我们的恒等式得证！",
    "(2)": "\\subsubsection{(b)} \\textbf{Proof}: \\par 定义全集${U}=\\{(x_1,x_2,\\dots,x_n)|x_1+x_2+\\dots+x_m=n,x_i\\geq 0,i=1,2,\\dots,n\\}$。然后我们定义全集$\\mathbb{U}$的子集族$A_i=\\{(x_1,x_2,\\dots,x_n)|x_1+x_2+\\dots+x_m=n,x_j\\geq 0,j=1,2,\\dots,i-1, i+1, \\dots, n, x_i\\geq 1\\}, i = 1, 2, \\dots m$，首先我们容易得到： \\begin{equation} |A_1\\cap A_2\\cap \\dots \\cap A_m| = \\binom{n-1}{m-1} \\end{equation} 由容斥原理可知： \\begin{equation} |A_1 \\cap A_2 \\cap \\dots \\cap A_m| = |U| - \\sum_i|\\complement_UA_i|+\\sum_{i<j}|\\complement_UA_i \\cap \\complement_UA_j| - \\dots \\end{equation} 我们可以通过不定方程的非负解的数量得到下述结论： \\begin{equation} \\sum_{i_1 < i_2 < \\dots < i_j}|\\complement_UA_{i_1} \\cap \\complement_UA_{i_2} \\cap \\dots \\cap \\complement_UA_{i_j}| = \\binom{m}{j}\\binom{n+m-j-1}{n} \\end{equation} 从而我们可以得到： \\begin{equation} |A_1 \\cap A_2 \\cap \\dots \\cap A_m| = \\sum_{j=0}^m(-1)^j\\binom{m}{j}\\binom{n+m-j-1}{n} \\end{equation} 综合(5)和(8)我们可知结论恒等式成立！",
    "(3)": "\\subsubsection{(c)} \\textbf{Proof}: \\par 我们用数学归纳法证明结论，对$m$归纳，$m=0$时结论显然成立，下面我们假设结论对$m-1$成立，那么： \\begin{equation} \\binom{n+m-1}{n-1}=\\binom{n+m}{n} - \\binom{n+m-1}{n}=\\binom{n+m}{n}-\\binom{(n+1)+(m-1)-1}{(n+1)-1} \\end{equation} 利用$m-1$的结论，我们可以继续化简: \\begin{equation} \\begin{split} \\binom{n+m}{n}-\\binom{(n+1)+(m-1)-1}{(n+1)-1} &= \\binom{n+m}{n} - \\sum_{j=0}^{m-1}(-1)^j\\binom{n+1+m-1}{n+1+j} \\\\ &= \\binom{n+m}{n} + \\sum_{j=0}^{m-1}(-1)^{j+1}\\binom{n+m}{n+(j+1)} \\\\ &= \\sum_{j=0}^m(-1)^j\\binom{n+m}{n+j} \\end{split} \\end{equation}"
  },
  "6.2": {
    "(1)": "我们定义我们定义集合$A$表示没有连续的三个a的所有可能多重排列，同理定义集合$B$和$C$分别表示没有连续三个b和没有连续三个c的所有可能的多重排列，那么$|A\\cap B \\cap C|$即为结果。我们定义$U$为全集，即所有多重排列。根据容斥原理： \\begin{equation} \\begin{split} |A\\cap B \\cap C| &= |U| - |\\complement_UA| - |\\complement_UB| - |\\complement_UC| + |\\complement_UA\\cap\\complement_UB| + |\\complement_UA\\cap\\complement_UC| + |\\complement_UB\\cap\\complement_UC| \\\\ &- |\\complement_UA\\cap\\complement_UB\\complement_UC| \\\\ &=\\frac{9!}{3!3!3!}-3\\times 7\\times \\frac{6!}{3!3!} + 3\\times 2\\times(4+3+2+1) - 3! \\\\ &= 1314 \\end{split} \\end{equation}",
    "(2)": ""
  },
  "6.3": {
    "(1)": "定义集合$A=\\{(x_1,x_2,x_3)\\in\\mathbb{Z}^3|x_1+x_2+x_3=19, 0\\leq x_1\\leq 9\\}$, $B=\\{(x_1,x_2,x_3)\\in\\mathbb{Z}^3|x_1+x_2+x_3=19, 0\\leq x_2\\leq 15\\}$, $C=\\{(x_1,x_2,x_3)\\in\\mathbb{Z}^3|x_1+x_2+x_3=19, 0\\leq x_3\\leq 15\\}$(这里我们都减掉了偏置项）。从而$|A\\cap B\\cap C|$是我们待求结果。我们通过容斥原理计算: \\begin{equation} \\begin{split} |A\\cap B \\cap C| &= |U| - |\\complement_UA| - |\\complement_UB| - |\\complement_UC| + |\\complement_UA\\cap\\complement_UB| + |\\complement_UA\\cap\\complement_UC| + |\\complement_UB\\cap\\complement_UC| \\\\ &- |\\complement_UA\\cap\\complement_UB\\complement_UC| \\\\ &= \\binom{21}{2} - \\binom{11}{2} - \\binom{5}{2} - \\binom{5}{2} + 0 + 0 + 0 - 0 \\\\ &= 135 \\end{split} \\end{equation}"
  }
}