{
  "6.1": {
    "(1)": "（1） 设 $U$ 是从 $\\{1,2,\\cdots,n\\}$ 中选 $n-k$ 个数的方案，$A_i(1\\le i\\le m)$ 是选择数 $i$ 后的方案。 则 $|\\bar A_1\\cap\\cdots\\cap \\bar A_m|$ 为从剩下 $n-m$ 个数中选 $n-k$ 个数的方案数，$|A_i|=\\dbinom{n-1}{n-k-1}$，$|A_{i_1}\\cap\\cdots\\cap A_{i_j}|=\\dbinom{n-j}{n-k-j}=\\dbinom{n-j}{k}$ 从而有 $|\\bar A_1\\cap\\cdots\\cap \\bar A_m|=|U|-\\sum|A_i|+\\sum|A_i\\cap A_j|+\\cdots+(-1)^j\\sum |A_{i_1}\\cap\\cdots\\cap A_{i_j}|$ 即 $\\dbinom{n-m}{n-k}=\\displaystyle\\sum_{j=0}^m(-1)^j\\dbinom{m}{j}\\dbinom{n-j}{k}$",
    "(2)": "（2） 设 $U$ 是从 $\\{1,2,\\cdots,n,\\cdots,n+m-1\\}$ 中选 $m-1$ 个数的方案，$A_i(1\\le i\\le m)$ 是选择数 $i$ 后的方案，则 $|\\bar A_1\\cap\\cdots\\cap \\bar A_m|$ 为从剩下 $n-1$ 个数中选 $m-1$ 个数的方案数，为 $\\dbinom{n-1}{m-1}$，而 $|A_i|=\\dbinom{n+m-2}{m-2},|A_{i_1}\\cap\\cdots\\cap A_{i_j}|=\\dbinom{n+m-j-1}{m-j-1}$，从而有 $|\\bar A_1\\cap\\cdots\\cap \\bar A_m|=|U|-\\sum|A_i|+\\sum|A_i\\cap A_j|+\\cdots+(-1)^j\\sum |A_{i_1}\\cap\\cdots\\cap A_{i_j}|$ 即 $\\dbinom{n-1}{m-1}=\\displaystyle\\sum_{j=0}^m(-1)^j\\dbinom{m}{j}\\dbinom{n+m-j-1}{n}$",
    "(3)": "（3） $\\dbinom{n+m-1}{n-1}=\\displaystyle\\sum_{j=0}^m(-1)^j\\dbinom{n+m}{n+j}$ 左边表示将 $m$ 个相同物品分配给 $n$ 个不同的容器，容器可以为空的方案数。 对于每个 $j$，$\\dbinom{n+m}{n+j}$ 计算的是将 $m$ 个球放入 $n$ 个盒子中，但至少有 $j$ 个盒子为空的方法数，用容斥原理得到右侧等于左侧。"
  },
  "6.2": {
    "(1)": "（1） 设 $A_1$ 为出现 3 个连续的 $a$，$A_2$ 为出现 3 个连续的 $b$，$A_3$ 为出现 3 个连续的 $c$ 的排列情况，$U$ 为不考虑任何约束的排列情况，则答案为 $|\\bar A_1\\cap\\bar A_2\\cap\\bar A_3|=|U|-\\sum_{i=1}^3 |A_i|+\\sum_{i<j}|A_i\\cap A_j|-|A_1\\cap A_2\\cap A_3|$。 其中 $|U|=\\dfrac{9!}{3!3!3!}=1680,|A_i|=\\dfrac{7!}{1!3!3!}=140,|A_i\\cap A_j|=\\dfrac{5!}{1!1!3!}=20,|A_1\\cap A_2\\cap A_3|=3!=6$。 从而，答案为 $1680-3*140+3*20-6=1314$。",
    "(2)": "（2） 设 $B_1$ 为出现 2 个连续的 $a$，$B_2$ 为出现 2 个连续的 $b$，$B_3$ 为出现 2 个连续的 $c$ 的排列情况，$U$ 为不考虑任何约束的排列情况，则答案为 $|\\bar B_1\\cap\\bar B_2\\cap\\bar B_3|=|U|-\\sum_{i=1}^3 |B_i|+\\sum_{i<j}|B_i\\cap B_j|-|B_1\\cap B_2\\cap B_3|$。 其中 $|U|=1680,|B_i|=\\dfrac{8!}{1!3!3!}=1120,|B_i\\cap B_j|=\\dfrac{7!}{1!1!3!}=840$ $|B_1\\cap B_2\\cap B_3|=\\dfrac{6!}{1!*1!*1!}=720$ 从而答案为 $1680-3*1120+3*840-720=120$"
  },
  "6.3": {
    "(1)": "解： 做换元，$x_1\\rightarrow x_1'+6,x_2\\rightarrow x_2'+5,x_3\\rightarrow x_3+10$，得到方程 $x_1'+x_2'+x_3'=19\\quad\\quad (0\\le x_1'\\le 9,0\\le x_2'\\le 15,0\\le x_3'\\le 15)$ 令全集 $U$ 表示不考虑各变量的取值约束时上述方程的全体非负整数解构成的集合，$A$ 表示此方程的全体整数解构成的集合；$A_1,A_2,A_3$ 分别代表变量 $x_1',x_2',x_3'$ 不满足各自的取值约束时的非负整数解构成的集合，即 $A_1=\\{x_1'+x_2'+x_3'=19|x_1',x_2',x_3'\\in\\Z^*,x_1'\\ge 10\\}$ $A_2=\\{x_1'+x_2'+x_3'=19|x_1',x_2',x_3'\\in\\Z^*,x_2'\\ge 16\\}$ $A_3=\\{x_1'+x_2'+x_3'=19|x_1',x_2',x_3'\\in\\Z^*,x_3'\\ge 16\\}$ 则有 $A=\\bar A_1\\cap \\bar A_2\\cap \\bar A_3$ 考虑集合 $A_1$，其中的解均有 $x_1'\\ge 10$，于是做换元 $x_1'\\rightarrow y_1+10$，从而将方程化为 $y_1+x_2'+x_3'=19-10=9$，此方程的非负整数解数目为 $|A_1|=\\dbinom{9+3-1}{9}=\\dbinom{11}{2}$ 同理可得有 $|A_2|=\\dbinom{5}{2},|A_3|=\\dbinom{5}{2}$ $A_1,A_2,A_3$ 中两个集合的交集代表 $x_1',x_2',x_3'$ 中的某两个变量同时不满足其上界约束，因此同时做换元，同理可得 $|A_1\\cap A_2|=0,|A_1\\cap A_3|=0,|A_2\\cap A_3|=0$，且有 $|A_1\\cap A_2\\cap A_3|=0$。 从而有 $|A|=|\\bar A_1\\cap \\bar A_2\\cap \\bar A_3|=\\dbinom{21}{2}-\\left[\\dbinom{11}{2}+\\dbinom{5}{2}+\\dbinom{5}{2}\\right]=135$ 故原方程共有 135 组整数解"
  }
}