序号,文件类型,成绩,评语
Ch6-X-1,md,2.5,"基本，答案/10给出
6.1(3) C(n+m,n+j)的组合含义不合理。至少j个盒子为空，那至少0个盒子为空不就和左边等价了吗？为什么要容斥？(-3)
6.2(2) 没考虑三个连续的情况，答案有误(-4)"
Ch6-X-2,latex,2.4,"基础，答案/10给出
6.1(2) LHS笔误
6.1(3) C(m,m-j)C(n+m-j-1,n-1)!=C(n+m,n+j) (-3)
6.2(2) 没考虑连续3个的情况，答案有误(-3)
6.3缺过程，这次不扣分"
Ch6-X-3,md,2.6,"基础，分数/10给出
6.1(1) 其他k-j个元素是任意取(-1)
6.2(2) 答案有误(-3)
"
Ch6-X-4,latex,2.4,"基本，作业分数/10给出
6.1(3) 没有组合意义(-2)
6.2(2) 没找到(-6)"
Ch6-X-5,latex,3,基本
